"pairLR","geneLR","Pathway","Group"
list(interaction_name = c("COL1A1_ITGA1_ITGB1", "COL1A2_ITGA1_ITGB1", "COL4A1_ITGA1_ITGB1", "COL4A2_ITGA1_ITGB1", "COL4A3_ITGA1_ITGB1", "COL4A4_ITGA1_ITGB1", "COL6A1_ITGA1_ITGB1", "COL6A2_ITGA1_ITGB1", "COL6A3_ITGA1_ITGB1", "COL1A1_ITGA2_ITGB1", "COL1A2_ITGA2_ITGB1", "COL4A1_ITGA2_ITGB1", "COL4A2_ITGA2_ITGB1", "COL4A3_ITGA2_ITGB1", "COL4A4_ITGA2_ITGB1", "COL6A1_ITGA2_ITGB1", "COL6A2_ITGA2_ITGB1", "COL6A3_ITGA2_ITGB1", "COL1A1_ITGA3_ITGB1", "COL1A2_ITGA3_ITGB1", "COL4A1_ITGA3_ITGB1", "COL4A2_ITGA3_ITGB1", 
"COL4A3_ITGA3_ITGB1", "COL4A4_ITGA3_ITGB1", "COL6A1_ITGA3_ITGB1", "COL6A2_ITGA3_ITGB1", "COL6A3_ITGA3_ITGB1", "COL1A1_ITGAV_ITGB8", "COL1A2_ITGAV_ITGB8", "COL4A1_ITGAV_ITGB8", "COL4A2_ITGAV_ITGB8", "COL4A3_ITGAV_ITGB8", "COL4A4_ITGAV_ITGB8", "COL6A1_ITGAV_ITGB8", "COL6A2_ITGAV_ITGB8", "COL6A3_ITGAV_ITGB8", "COL1A1_CD44", "COL1A2_CD44", "COL4A1_CD44", "COL4A2_CD44", "COL4A3_CD44", "COL4A4_CD44", "COL6A1_CD44", "COL6A2_CD44", "COL6A3_CD44", "COL1A1_SDC1", "COL1A2_SDC1", "COL4A1_SDC1", "COL4A2_SDC1", 
"COL4A3_SDC1", "COL4A4_SDC1", "COL6A1_SDC1", "COL6A2_SDC1", "COL6A3_SDC1", "COL1A1_SDC4", "COL1A2_SDC4", "COL4A1_SDC4", "COL4A2_SDC4", "COL4A3_SDC4", "COL4A4_SDC4", "COL6A1_SDC4", "COL6A2_SDC4", "COL6A3_SDC4")),c("COL1A1", "COL1A2", "COL4A1", "COL4A2", "COL4A3", "COL4A4", "COL6A1", "COL6A2", "COL6A3", "CD44", "SDC1", "SDC4", "ITGA1", "ITGA2", "ITGA3", "ITGAV", "ITGB1", "ITGB8"),COLLAGEN,normal
list(interaction_name = c("COL1A1_ITGA1_ITGB1", "COL1A2_ITGA1_ITGB1", "COL4A1_ITGA1_ITGB1", "COL4A2_ITGA1_ITGB1", "COL4A5_ITGA1_ITGB1", "COL6A1_ITGA1_ITGB1", "COL6A2_ITGA1_ITGB1", "COL6A3_ITGA1_ITGB1", "COL1A1_ITGA2_ITGB1", "COL1A2_ITGA2_ITGB1", "COL4A1_ITGA2_ITGB1", "COL4A2_ITGA2_ITGB1", "COL4A5_ITGA2_ITGB1", "COL6A1_ITGA2_ITGB1", "COL6A2_ITGA2_ITGB1", "COL6A3_ITGA2_ITGB1", "COL1A1_ITGA3_ITGB1", "COL1A2_ITGA3_ITGB1", "COL4A1_ITGA3_ITGB1", "COL4A2_ITGA3_ITGB1", "COL4A5_ITGA3_ITGB1", "COL6A1_ITGA3_ITGB1", 
"COL6A2_ITGA3_ITGB1", "COL6A3_ITGA3_ITGB1", "COL1A1_ITGA11_ITGB1", "COL1A2_ITGA11_ITGB1", "COL4A1_ITGA11_ITGB1", "COL4A2_ITGA11_ITGB1", "COL4A5_ITGA11_ITGB1", "COL6A1_ITGA11_ITGB1", "COL6A2_ITGA11_ITGB1", "COL6A3_ITGA11_ITGB1", "COL1A1_ITGAV_ITGB8", "COL1A2_ITGAV_ITGB8", "COL4A1_ITGAV_ITGB8", "COL4A2_ITGAV_ITGB8", "COL4A5_ITGAV_ITGB8", "COL6A1_ITGAV_ITGB8", "COL6A2_ITGAV_ITGB8", "COL6A3_ITGAV_ITGB8", "COL1A1_CD44", "COL1A2_CD44", "COL4A1_CD44", "COL4A2_CD44", "COL4A5_CD44", "COL6A1_CD44", "COL6A2_CD44", 
"COL6A3_CD44", "COL1A1_SDC1", "COL1A2_SDC1", "COL4A1_SDC1", "COL4A2_SDC1", "COL4A5_SDC1", "COL6A1_SDC1", "COL6A2_SDC1", "COL6A3_SDC1", "COL1A1_SDC4", "COL1A2_SDC4", "COL4A1_SDC4", "COL4A2_SDC4", "COL4A5_SDC4", "COL6A1_SDC4", "COL6A2_SDC4", "COL6A3_SDC4")),c("COL1A1", "COL1A2", "COL4A1", "COL4A2", "COL4A5", "COL6A1", "COL6A2", "COL6A3", "CD44", "SDC1", "SDC4", "ITGA1", "ITGA2", "ITGA3", "ITGA11", "ITGAV", "ITGB1", "ITGB8"),COLLAGEN,early
list(interaction_name = c("COL1A1_ITGA1_ITGB1", "COL1A2_ITGA1_ITGB1", "COL4A1_ITGA1_ITGB1", "COL4A2_ITGA1_ITGB1", "COL4A3_ITGA1_ITGB1", "COL4A4_ITGA1_ITGB1", "COL6A1_ITGA1_ITGB1", "COL6A2_ITGA1_ITGB1", "COL6A3_ITGA1_ITGB1", "COL6A5_ITGA1_ITGB1", "COL9A2_ITGA1_ITGB1", "COL1A1_ITGA2_ITGB1", "COL1A2_ITGA2_ITGB1", "COL4A1_ITGA2_ITGB1", "COL4A2_ITGA2_ITGB1", "COL4A3_ITGA2_ITGB1", "COL4A4_ITGA2_ITGB1", "COL6A1_ITGA2_ITGB1", "COL6A2_ITGA2_ITGB1", "COL6A3_ITGA2_ITGB1", "COL6A5_ITGA2_ITGB1", "COL9A2_ITGA2_ITGB1", 
"COL1A1_ITGA3_ITGB1", "COL1A2_ITGA3_ITGB1", "COL4A1_ITGA3_ITGB1", "COL4A2_ITGA3_ITGB1", "COL4A3_ITGA3_ITGB1", "COL4A4_ITGA3_ITGB1", "COL6A1_ITGA3_ITGB1", "COL6A2_ITGA3_ITGB1", "COL6A3_ITGA3_ITGB1", "COL6A5_ITGA3_ITGB1", "COL9A2_ITGA3_ITGB1", "COL1A1_ITGA11_ITGB1", "COL1A2_ITGA11_ITGB1", "COL4A1_ITGA11_ITGB1", "COL4A2_ITGA11_ITGB1", "COL4A3_ITGA11_ITGB1", "COL4A4_ITGA11_ITGB1", "COL6A1_ITGA11_ITGB1", "COL6A2_ITGA11_ITGB1", "COL6A3_ITGA11_ITGB1", "COL6A5_ITGA11_ITGB1", "COL9A2_ITGA11_ITGB1", "COL1A1_ITGAV_ITGB8", 
"COL1A2_ITGAV_ITGB8", "COL4A1_ITGAV_ITGB8", "COL4A2_ITGAV_ITGB8", "COL4A3_ITGAV_ITGB8", "COL4A4_ITGAV_ITGB8", "COL6A1_ITGAV_ITGB8", "COL6A2_ITGAV_ITGB8", "COL6A3_ITGAV_ITGB8", "COL6A5_ITGAV_ITGB8", "COL9A2_ITGAV_ITGB8", "COL1A1_CD44", "COL1A2_CD44", "COL4A1_CD44", "COL4A2_CD44", "COL4A3_CD44", "COL4A4_CD44", "COL6A1_CD44", "COL6A2_CD44", "COL6A3_CD44", "COL6A5_CD44", "COL9A2_CD44", "COL1A1_SDC1", "COL1A2_SDC1", "COL4A1_SDC1", "COL4A2_SDC1", "COL4A3_SDC1", "COL4A4_SDC1", "COL6A1_SDC1", "COL6A2_SDC1", 
"COL6A3_SDC1", "COL6A5_SDC1", "COL9A2_SDC1", "COL1A1_SDC4", "COL1A2_SDC4", "COL4A1_SDC4", "COL4A2_SDC4", "COL4A3_SDC4", "COL4A4_SDC4", "COL6A1_SDC4", "COL6A2_SDC4", "COL6A3_SDC4", "COL6A5_SDC4", "COL9A2_SDC4")),c("COL1A1", "COL1A2", "COL4A1", "COL4A2", "COL4A3", "COL4A4", "COL6A1", "COL6A2", "COL6A3", "COL6A5", "COL9A2", "CD44", "SDC1", "SDC4", "ITGA1", "ITGA2", "ITGA3", "ITGA11", "ITGAV", "ITGB1", "ITGB8"),COLLAGEN,middle
list(interaction_name = c("LAMA2_ITGA1_ITGB1", "LAMA3_ITGA1_ITGB1", "LAMA4_ITGA1_ITGB1", "LAMA5_ITGA1_ITGB1", "LAMB1_ITGA1_ITGB1", "LAMB2_ITGA1_ITGB1", "LAMB3_ITGA1_ITGB1", "LAMC1_ITGA1_ITGB1", "LAMC2_ITGA1_ITGB1", "LAMA2_ITGA2_ITGB1", "LAMA3_ITGA2_ITGB1", "LAMA4_ITGA2_ITGB1", "LAMA5_ITGA2_ITGB1", "LAMB1_ITGA2_ITGB1", "LAMB2_ITGA2_ITGB1", "LAMB3_ITGA2_ITGB1", "LAMC1_ITGA2_ITGB1", "LAMC2_ITGA2_ITGB1", "LAMA2_ITGA3_ITGB1", "LAMA3_ITGA3_ITGB1", "LAMA4_ITGA3_ITGB1", "LAMA5_ITGA3_ITGB1", "LAMB1_ITGA3_ITGB1", 
"LAMB2_ITGA3_ITGB1", "LAMB3_ITGA3_ITGB1", "LAMC1_ITGA3_ITGB1", "LAMC2_ITGA3_ITGB1", "LAMA2_ITGA6_ITGB1", "LAMA3_ITGA6_ITGB1", "LAMA4_ITGA6_ITGB1", "LAMA5_ITGA6_ITGB1", "LAMB1_ITGA6_ITGB1", "LAMB2_ITGA6_ITGB1", "LAMB3_ITGA6_ITGB1", "LAMC1_ITGA6_ITGB1", "LAMC2_ITGA6_ITGB1", "LAMA2_ITGAV_ITGB8", "LAMA3_ITGAV_ITGB8", "LAMA4_ITGAV_ITGB8", "LAMA5_ITGAV_ITGB8", "LAMB1_ITGAV_ITGB8", "LAMB2_ITGAV_ITGB8", "LAMB3_ITGAV_ITGB8", "LAMC1_ITGAV_ITGB8", "LAMC2_ITGAV_ITGB8", "LAMA2_ITGA6_ITGB4", "LAMA3_ITGA6_ITGB4", 
"LAMA4_ITGA6_ITGB4", "LAMA5_ITGA6_ITGB4", "LAMB1_ITGA6_ITGB4", "LAMB2_ITGA6_ITGB4", "LAMB3_ITGA6_ITGB4", "LAMC1_ITGA6_ITGB4", "LAMC2_ITGA6_ITGB4", "LAMA2_CD44", "LAMA3_CD44", "LAMA4_CD44", "LAMA5_CD44", "LAMB1_CD44", "LAMB2_CD44", "LAMB3_CD44", "LAMC1_CD44", "LAMC2_CD44", "LAMA2_DAG1", "LAMA3_DAG1", "LAMA4_DAG1", "LAMA5_DAG1", "LAMB1_DAG1", "LAMB2_DAG1", "LAMB3_DAG1", "LAMC1_DAG1", "LAMC2_DAG1")),c("LAMA2", "LAMA3", "LAMA4", "LAMA5", "LAMB1", "LAMB2", "LAMB3", "LAMC1", "LAMC2", "CD44", "DAG1", "ITGA1", "ITGA2", "ITGA3", "ITGA6", "ITGAV", "ITGB1", "ITGB8", "ITGB4"),LAMININ,normal
list(interaction_name = c("LAMA2_ITGA1_ITGB1", "LAMA3_ITGA1_ITGB1", "LAMA4_ITGA1_ITGB1", "LAMA5_ITGA1_ITGB1", "LAMB1_ITGA1_ITGB1", "LAMB2_ITGA1_ITGB1", "LAMB3_ITGA1_ITGB1", "LAMC1_ITGA1_ITGB1", "LAMC2_ITGA1_ITGB1", "LAMA2_ITGA2_ITGB1", "LAMA3_ITGA2_ITGB1", "LAMA4_ITGA2_ITGB1", "LAMA5_ITGA2_ITGB1", "LAMB1_ITGA2_ITGB1", "LAMB2_ITGA2_ITGB1", "LAMB3_ITGA2_ITGB1", "LAMC1_ITGA2_ITGB1", "LAMC2_ITGA2_ITGB1", "LAMA2_ITGA3_ITGB1", "LAMA3_ITGA3_ITGB1", "LAMA4_ITGA3_ITGB1", "LAMA5_ITGA3_ITGB1", "LAMB1_ITGA3_ITGB1", 
"LAMB2_ITGA3_ITGB1", "LAMB3_ITGA3_ITGB1", "LAMC1_ITGA3_ITGB1", "LAMC2_ITGA3_ITGB1", "LAMA2_ITGA6_ITGB1", "LAMA3_ITGA6_ITGB1", "LAMA4_ITGA6_ITGB1", "LAMA5_ITGA6_ITGB1", "LAMB1_ITGA6_ITGB1", "LAMB2_ITGA6_ITGB1", "LAMB3_ITGA6_ITGB1", "LAMC1_ITGA6_ITGB1", "LAMC2_ITGA6_ITGB1", "LAMA2_ITGAV_ITGB8", "LAMA3_ITGAV_ITGB8", "LAMA4_ITGAV_ITGB8", "LAMA5_ITGAV_ITGB8", "LAMB1_ITGAV_ITGB8", "LAMB2_ITGAV_ITGB8", "LAMB3_ITGAV_ITGB8", "LAMC1_ITGAV_ITGB8", "LAMC2_ITGAV_ITGB8", "LAMA2_ITGA6_ITGB4", "LAMA3_ITGA6_ITGB4", 
"LAMA4_ITGA6_ITGB4", "LAMA5_ITGA6_ITGB4", "LAMB1_ITGA6_ITGB4", "LAMB2_ITGA6_ITGB4", "LAMB3_ITGA6_ITGB4", "LAMC1_ITGA6_ITGB4", "LAMC2_ITGA6_ITGB4", "LAMA2_CD44", "LAMA3_CD44", "LAMA4_CD44", "LAMA5_CD44", "LAMB1_CD44", "LAMB2_CD44", "LAMB3_CD44", "LAMC1_CD44", "LAMC2_CD44", "LAMA2_DAG1", "LAMA3_DAG1", "LAMA4_DAG1", "LAMA5_DAG1", "LAMB1_DAG1", "LAMB2_DAG1", "LAMB3_DAG1", "LAMC1_DAG1", "LAMC2_DAG1")),c("LAMA2", "LAMA3", "LAMA4", "LAMA5", "LAMB1", "LAMB2", "LAMB3", "LAMC1", "LAMC2", "CD44", "DAG1", "ITGA1", "ITGA2", "ITGA3", "ITGA6", "ITGAV", "ITGB1", "ITGB8", "ITGB4"),LAMININ,early
list(interaction_name = c("LAMA2_ITGA1_ITGB1", "LAMA3_ITGA1_ITGB1", "LAMA4_ITGA1_ITGB1", "LAMA5_ITGA1_ITGB1", "LAMB1_ITGA1_ITGB1", "LAMB2_ITGA1_ITGB1", "LAMB3_ITGA1_ITGB1", "LAMC1_ITGA1_ITGB1", "LAMC2_ITGA1_ITGB1", "LAMA2_ITGA2_ITGB1", "LAMA3_ITGA2_ITGB1", "LAMA4_ITGA2_ITGB1", "LAMA5_ITGA2_ITGB1", "LAMB1_ITGA2_ITGB1", "LAMB2_ITGA2_ITGB1", "LAMB3_ITGA2_ITGB1", "LAMC1_ITGA2_ITGB1", "LAMC2_ITGA2_ITGB1", "LAMA2_ITGA3_ITGB1", "LAMA3_ITGA3_ITGB1", "LAMA4_ITGA3_ITGB1", "LAMA5_ITGA3_ITGB1", "LAMB1_ITGA3_ITGB1", 
"LAMB2_ITGA3_ITGB1", "LAMB3_ITGA3_ITGB1", "LAMC1_ITGA3_ITGB1", "LAMC2_ITGA3_ITGB1", "LAMA2_ITGA6_ITGB1", "LAMA3_ITGA6_ITGB1", "LAMA4_ITGA6_ITGB1", "LAMA5_ITGA6_ITGB1", "LAMB1_ITGA6_ITGB1", "LAMB2_ITGA6_ITGB1", "LAMB3_ITGA6_ITGB1", "LAMC1_ITGA6_ITGB1", "LAMC2_ITGA6_ITGB1", "LAMA2_ITGAV_ITGB8", "LAMA3_ITGAV_ITGB8", "LAMA4_ITGAV_ITGB8", "LAMA5_ITGAV_ITGB8", "LAMB1_ITGAV_ITGB8", "LAMB2_ITGAV_ITGB8", "LAMB3_ITGAV_ITGB8", "LAMC1_ITGAV_ITGB8", "LAMC2_ITGAV_ITGB8", "LAMA2_ITGA6_ITGB4", "LAMA3_ITGA6_ITGB4", 
"LAMA4_ITGA6_ITGB4", "LAMA5_ITGA6_ITGB4", "LAMB1_ITGA6_ITGB4", "LAMB2_ITGA6_ITGB4", "LAMB3_ITGA6_ITGB4", "LAMC1_ITGA6_ITGB4", "LAMC2_ITGA6_ITGB4", "LAMA2_CD44", "LAMA3_CD44", "LAMA4_CD44", "LAMA5_CD44", "LAMB1_CD44", "LAMB2_CD44", "LAMB3_CD44", "LAMC1_CD44", "LAMC2_CD44", "LAMA2_DAG1", "LAMA3_DAG1", "LAMA4_DAG1", "LAMA5_DAG1", "LAMB1_DAG1", "LAMB2_DAG1", "LAMB3_DAG1", "LAMC1_DAG1", "LAMC2_DAG1")),c("LAMA2", "LAMA3", "LAMA4", "LAMA5", "LAMB1", "LAMB2", "LAMB3", "LAMC1", "LAMC2", "CD44", "DAG1", "ITGA1", "ITGA2", "ITGA3", "ITGA6", "ITGAV", "ITGB1", "ITGB8", "ITGB4"),LAMININ,middle
list(interaction_name = "APP_CD74"),c("APP", "CD74"),APP,normal
list(interaction_name = "APP_CD74"),c("APP", "CD74"),APP,early
list(interaction_name = "APP_CD74"),c("APP", "CD74"),APP,middle
list(interaction_name = c("HLA-A_CD8A", "HLA-B_CD8A", "HLA-C_CD8A", "HLA-E_CD8A", "HLA-F_CD8A")),c("HLA-A", "HLA-B", "HLA-C", "HLA-E", "HLA-F", "CD8A"),MHC-I,normal
list(interaction_name = c("HLA-A_CD8A", "HLA-B_CD8A", "HLA-C_CD8A", "HLA-E_CD8A", "HLA-F_CD8A", "HLA-F_LILRB1")),c("HLA-A", "HLA-B", "HLA-C", "HLA-E", "HLA-F", "CD8A", "LILRB1"),MHC-I,early
list(interaction_name = c("HLA-A_CD8A", "HLA-B_CD8A", "HLA-C_CD8A", "HLA-E_CD8A", "HLA-F_CD8A", "HLA-F_LILRB1")),c("HLA-A", "HLA-B", "HLA-C", "HLA-E", "HLA-F", "CD8A", "LILRB1"),MHC-I,middle
list(interaction_name = c("FN1_ITGA3_ITGB1", "FN1_ITGA4_ITGB1", "FN1_ITGA5_ITGB1", "FN1_ITGAV_ITGB1", "FN1_ITGAV_ITGB6", "FN1_ITGAV_ITGB8", "FN1_CD44", "FN1_SDC1", "FN1_SDC4")),c("FN1", "CD44", "SDC1", "SDC4", "ITGA3", "ITGA4", "ITGA5", "ITGAV", "ITGB1", "ITGB6", "ITGB8"),FN1,normal
list(interaction_name = c("FN1_ITGA3_ITGB1", "FN1_ITGA4_ITGB1", "FN1_ITGA5_ITGB1", "FN1_ITGAV_ITGB1", "FN1_ITGAV_ITGB6", "FN1_ITGAV_ITGB8", "FN1_CD44", "FN1_SDC1", "FN1_SDC4")),c("FN1", "CD44", "SDC1", "SDC4", "ITGA3", "ITGA4", "ITGA5", "ITGAV", "ITGB1", "ITGB6", "ITGB8"),FN1,early
list(interaction_name = c("FN1_ITGA3_ITGB1", "FN1_ITGA4_ITGB1", "FN1_ITGA5_ITGB1", "FN1_ITGAV_ITGB1", "FN1_ITGAV_ITGB6", "FN1_ITGAV_ITGB8", "FN1_CD44", "FN1_SDC1", "FN1_SDC4")),c("FN1", "CD44", "SDC1", "SDC4", "ITGA3", "ITGA4", "ITGA5", "ITGAV", "ITGB1", "ITGB6", "ITGB8"),FN1,middle
list(interaction_name = c("CD99_PILRA", "CD99_CD99")),c("CD99", "PILRA", "CD99"),CD99,normal
list(interaction_name = c("MIF_CD74_CXCR4", "MIF_CD74_CD44", "MIF_ACKR3")),c("MIF", "ACKR3", "CD74", "CXCR4", "CD44"),MIF,normal
list(interaction_name = c("MIF_CD74_CXCR4", "MIF_CD74_CD44", "MIF_ACKR3")),c("MIF", "ACKR3", "CD74", "CXCR4", "CD44"),MIF,early
list(interaction_name = c("MIF_CD74_CXCR4", "MIF_CD74_CD44", "MIF_ACKR3")),c("MIF", "ACKR3", "CD74", "CXCR4", "CD44"),MIF,middle
list(interaction_name = c("CLEC2D_KLRB1", "CLEC2B_KLRB1", "CLEC2C_KLRB1")),c("CLEC2D", "CLEC2B", "CD69", "KLRB1"),CLEC,normal
list(interaction_name = c("CLEC2D_KLRB1", "CLEC2B_KLRB1", "CLEC2C_KLRB1")),c("CLEC2D", "CLEC2B", "CD69", "KLRB1"),CLEC,early
list(interaction_name = c("CLEC2D_KLRB1", "CLEC2B_KLRB1", "CLEC2C_KLRB1")),c("CLEC2D", "CLEC2B", "CD69", "KLRB1"),CLEC,middle
list(interaction_name = c("NAMPT_INSR", "NAMPT_ITGA5_ITGB1")),c("NAMPT", "INSR", "ITGA5", "ITGB1"),VISFATIN,normal
list(interaction_name = c("NAMPT_INSR", "NAMPT_ITGA5_ITGB1")),c("NAMPT", "INSR", "ITGA5", "ITGB1"),VISFATIN,early
list(interaction_name = c("NAMPT_INSR", "NAMPT_ITGA5_ITGB1")),c("NAMPT", "INSR", "ITGA5", "ITGB1"),VISFATIN,middle
list(interaction_name = "PTPRC_MRC1"),c("PTPRC", "MRC1"),CD45,normal
list(interaction_name = "PTPRC_MRC1"),c("PTPRC", "MRC1"),CD45,early
list(interaction_name = c("PTPRC_CD22", "PTPRC_MRC1")),c("PTPRC", "CD22", "MRC1"),CD45,middle
list(interaction_name = c("ICAM1_ITGAX_ITGB2", "ICAM1_ITGAL_ITGB2", "ICAM2_ITGAL_ITGB2", "ICAM1_ITGAM_ITGB2", "ICAM2_ITGAM_ITGB2", "ICAM1_ITGAL", "ICAM1_SPN")),c("ICAM1", "ICAM2", "ITGAL", "SPN", "ITGAX", "ITGAM", "ITGB2"),ICAM,normal
list(interaction_name = c("ICAM1_ITGAX_ITGB2", "ICAM1_ITGAM_ITGB2", "ICAM2_ITGAM_ITGB2", "ICAM1_SPN")),c("ICAM1", "ICAM2", "SPN", "ITGAX", "ITGAM", "ITGB2"),ICAM,early
list(interaction_name = c("ICAM1_ITGAX_ITGB2", "ICAM1_ITGAM_ITGB2", "ICAM2_ITGAM_ITGB2")),c("ICAM1", "ICAM2", "ITGAX", "ITGAM", "ITGB2"),ICAM,middle
list(interaction_name = "ADGRE5_CD55"),c("ADGRE5", "CD55"),ADGRE5,normal
list(interaction_name = "ADGRE5_CD55"),c("ADGRE5", "CD55"),ADGRE5,early
list(interaction_name = "ADGRE5_CD55"),c("ADGRE5", "CD55"),ADGRE5,middle
list(interaction_name = c("HLA-DPA1_CD4", "HLA-DPB1_CD4", "HLA-DQA1_CD4", "HLA-DMA_CD4", "HLA-DMB_CD4", "HLA-DOA_CD4", "HLA-DQB1_CD4", "HLA-DRA_CD4", "HLA-DRB1_CD4", "HLA-DRB5_CD4")),c("HLA-DPA1", "HLA-DPB1", "HLA-DQA1", "HLA-DMA", "HLA-DMB", "HLA-DOA", "HLA-DQB1", "HLA-DRA", "HLA-DRB1", "HLA-DRB5", "CD4"),MHC-II,normal
list(interaction_name = c("HLA-DPA1_CD4", "HLA-DPB1_CD4", "HLA-DQA1_CD4", "HLA-DMA_CD4", "HLA-DMB_CD4", "HLA-DQA2_CD4", "HLA-DOA_CD4", "HLA-DQB1_CD4", "HLA-DRA_CD4", "HLA-DRB1_CD4", "HLA-DRB5_CD4")),c("HLA-DPA1", "HLA-DPB1", "HLA-DQA1", "HLA-DMA", "HLA-DMB", "HLA-DQA2", "HLA-DOA", "HLA-DQB1", "HLA-DRA", "HLA-DRB1", "HLA-DRB5", "CD4"),MHC-II,early
list(interaction_name = c("HLA-DPA1_CD4", "HLA-DPB1_CD4", "HLA-DQA1_CD4", "HLA-DMA_CD4", "HLA-DMB_CD4", "HLA-DQA2_CD4", "HLA-DOA_CD4", "HLA-DQB1_CD4", "HLA-DRA_CD4", "HLA-DRB1_CD4", "HLA-DRB5_CD4")),c("HLA-DPA1", "HLA-DPB1", "HLA-DQA1", "HLA-DMA", "HLA-DMB", "HLA-DQA2", "HLA-DOA", "HLA-DQB1", "HLA-DRA", "HLA-DRB1", "HLA-DRB5", "CD4"),MHC-II,middle
list(interaction_name = c("THBS1_ITGA3_ITGB1", "THBS2_ITGA3_ITGB1", "THBS1_SDC1", "THBS2_SDC1", "THBS1_SDC4", "THBS2_SDC4", "THBS1_CD36", "THBS2_CD36", "THBS1_CD47", "THBS2_CD47")),c("THBS1", "THBS2", "SDC1", "SDC4", "CD36", "CD47", "ITGA3", "ITGB1"),THBS,normal
list(interaction_name = c("THBS1_ITGA3_ITGB1", "THBS2_ITGA3_ITGB1", "THBS1_SDC1", "THBS2_SDC1", "THBS1_SDC4", "THBS2_SDC4", "THBS1_CD36", "THBS2_CD36", "THBS1_CD47", "THBS2_CD47")),c("THBS1", "THBS2", "SDC1", "SDC4", "CD36", "CD47", "ITGA3", "ITGB1"),THBS,early
list(interaction_name = c("THBS1_ITGA3_ITGB1", "THBS2_ITGA3_ITGB1", "THBS1_SDC1", "THBS2_SDC1", "THBS1_SDC4", "THBS2_SDC4", "THBS1_CD36", "THBS2_CD36", "THBS1_CD47", "THBS2_CD47")),c("THBS1", "THBS2", "SDC1", "SDC4", "CD36", "CD47", "ITGA3", "ITGB1"),THBS,middle
list(interaction_name = c("JAM2_ITGA3_ITGB1", "JAM2_ITGAV_ITGB1", "JAM3_ITGAM_ITGB2", "JAM1_ITGAL_ITGB2", "JAM2_JAM3", "F11R_F11R", "F11R_JAM2", "F11R_JAM3", "JAM2_F11R", "JAM2_JAM2", "JAM3_F11R", "JAM3_JAM2", "JAM3_JAM3")),c("JAM2", "JAM3", "F11R", "JAM3", "F11R", "JAM2", "ITGA3", "ITGAV", "ITGAM", "ITGAL", "ITGB1", "ITGB2"),JAM,normal
list(interaction_name = c("JAM2_ITGA3_ITGB1", "JAM2_ITGAV_ITGB1", "JAM3_ITGAM_ITGB2", "JAM2_JAM3", "F11R_F11R", "F11R_JAM2", "F11R_JAM3", "JAM2_F11R", "JAM2_JAM2", "JAM3_F11R", "JAM3_JAM2", "JAM3_JAM3")),c("JAM2", "JAM3", "F11R", "JAM3", "F11R", "JAM2", "ITGA3", "ITGAV", "ITGAM", "ITGB1", "ITGB2"),JAM,early
list(interaction_name = c("JAM2_ITGA3_ITGB1", "JAM2_ITGAV_ITGB1", "JAM3_ITGAM_ITGB2", "JAM2_JAM3", "F11R_F11R", "F11R_JAM2", "F11R_JAM3", "JAM2_F11R", "JAM2_JAM2", "JAM3_F11R", "JAM3_JAM2", "JAM3_JAM3")),c("JAM2", "JAM3", "F11R", "JAM3", "F11R", "JAM2", "ITGA3", "ITGAV", "ITGAM", "ITGB1", "ITGB2"),JAM,middle
list(interaction_name = c("LGALS9_CD45", "LGALS9_HAVCR2", "LGALS9_CD44")),c("LGALS9", "PTPRC", "HAVCR2", "CD44"),GALECTIN,normal
list(interaction_name = c("LGALS9_CD45", "LGALS9_HAVCR2", "LGALS9_CD44")),c("LGALS9", "PTPRC", "HAVCR2", "CD44"),GALECTIN,early
list(interaction_name = c("LGALS9_CD45", "LGALS9_HAVCR2", "LGALS9_CD44")),c("LGALS9", "PTPRC", "HAVCR2", "CD44"),GALECTIN,middle
list(interaction_name = c("ITGB2_ICAM1", "ITGB2_ICAM2")),c("ITGB2", "ICAM1", "ICAM2"),ITGB2,normal
list(interaction_name = c("ITGB2_ICAM1", "ITGB2_ICAM2")),c("ITGB2", "ICAM1", "ICAM2"),ITGB2,early
list(interaction_name = c("ITGB2_ICAM1", "ITGB2_ICAM2")),c("ITGB2", "ICAM1", "ICAM2"),ITGB2,middle
list(interaction_name = "PECAM1_PECAM1"),c("PECAM1", "PECAM1"),PECAM1,normal
list(interaction_name = "PECAM1_PECAM1"),c("PECAM1", "PECAM1"),PECAM1,early
list(interaction_name = "PECAM1_PECAM1"),c("PECAM1", "PECAM1"),PECAM1,middle
list(interaction_name = c("TNC_ITGAV_ITGB6", "TNXB_ITGAV_ITGB6", "TNC_SDC1", "TNXB_SDC1", "TNC_SDC4", "TNXB_SDC4")),c("TNC", "TNXB", "SDC1", "SDC4", "ITGAV", "ITGB6"),TENASCIN,normal
list(interaction_name = c("TNC_ITGAV_ITGB6", "TNC_SDC1", "TNC_SDC4")),c("TNC", "SDC1", "SDC4", "ITGAV", "ITGB6"),TENASCIN,early
list(interaction_name = c("TNC_ITGAV_ITGB6", "TNC_SDC1", "TNC_SDC4")),c("TNC", "SDC1", "SDC4", "ITGAV", "ITGB6"),TENASCIN,middle
list(interaction_name = c("RETN_TLR4", "RETN_CAP1")),c("RETN", "TLR4", "CAP1"),RESISTIN,normal
list(interaction_name = c("CXCL1_ACKR1", "CXCL2_ACKR1", "CXCL3_ACKR1", "CXCL8_ACKR1", "CXCL12_CXCR4", "CXCL12_ACKR3")),c("CXCL1", "CXCL2", "CXCL3", "CXCL8", "CXCL12", "ACKR1", "CXCR4", "ACKR3"),CXCL,normal
list(interaction_name = c("CXCL2_ACKR1", "CXCL3_ACKR1", "CXCL8_ACKR1", "CXCL9_ACKR1", "CXCL10_ACKR1", "CXCL13_ACKR1")),c("CXCL2", "CXCL3", "CXCL8", "CXCL9", "CXCL10", "CXCL13", "ACKR1"),CXCL,early
list(interaction_name = c("CXCL1_ACKR1", "CXCL2_ACKR1", "CXCL3_ACKR1", "CXCL8_ACKR1", "CXCL12_CXCR4", "CXCL12_ACKR3")),c("CXCL1", "CXCL2", "CXCL3", "CXCL8", "CXCL12", "ACKR1", "CXCR4", "ACKR3"),CXCL,middle
list(interaction_name = c("C3_C3AR1", "C3_ITGAM_ITGB2", "C3_ITGAX_ITGB2")),c("C3", "C3AR1", "ITGAM", "ITGAX", "ITGB2"),COMPLEMENT,normal
list(interaction_name = c("C3_C3AR1", "C3_ITGAM_ITGB2", "C3_ITGAX_ITGB2")),c("C3", "C3AR1", "ITGAM", "ITGAX", "ITGB2"),COMPLEMENT,early
list(interaction_name = c("C3_C3AR1", "C3_ITGAM_ITGB2", "C3_ITGAX_ITGB2", "HC_C5AR1")),c("C3", "C5", "C3AR1", "C5AR1", "ITGAM", "ITGAX", "ITGB2"),COMPLEMENT,middle
list(interaction_name = c("AREG_EGFR", "AREG_EGFR_ERBB2", "HBEGF_EGFR", "HBEGF_EGFR_ERBB2")),c("AREG", "HBEGF", "EGFR", "ERBB2"),EGF,normal
list(interaction_name = c("AREG_EGFR", "AREG_EGFR_ERBB2", "BTC_EGFR", "BTC_EGFR_ERBB2", "HBEGF_EGFR", "HBEGF_EGFR_ERBB2")),c("AREG", "BTC", "HBEGF", "EGFR", "ERBB2"),EGF,early
list(interaction_name = c("AREG_EGFR", "AREG_EGFR_ERBB2", "HBEGF_EGFR", "HBEGF_EGFR_ERBB2", "EREG_EGFR", "EREG_EGFR_ERBB2")),c("AREG", "HBEGF", "EREG", "EGFR", "ERBB2"),EGF,middle
list(interaction_name = c("CCL5_CCR1", "CCL3_CCR1", "CCL15_CCR1", "CCL2_ACKR1", "CCL5_ACKR1", "CCL18_ACKR1")),c("CCL5", "CCL3", "CCL15", "CCL2", "CCL18", "CCR1", "ACKR1"),CCL,normal
list(interaction_name = c("CCL5_CCR1", "CCL3_CCR1", "CCL3L3_CCR1", "CCL15_CCR1", "CCL2_ACKR1", "CCL5_ACKR1")),c("CCL5", "CCL3", "CCL3L3", "CCL15", "CCL2", "CCR1", "ACKR1"),CCL,early
list(interaction_name = c("CCL5_CCR1", "CCL3_CCR1", "CCL3L3_CCR1", "CCL14_CCR1", "CCL2_ACKR1", "CCL5_ACKR1", "CCL14_ACKR1", "CCL18_ACKR1", "CCL11_ACKR1")),c("CCL5", "CCL3", "CCL3L3", "CCL14", "CCL2", "CCL18", "CCL11", "CCR1", "ACKR1"),CCL,middle
list(interaction_name = c("MDK_SDC1", "MDK_SDC2", "MDK_SDC4", "MDK_ITGA4_ITGB1", "MDK_ITGA6_ITGB1", "MDK_LRP1", "MDK_NCL")),c("MDK", "SDC1", "SDC2", "SDC4", "LRP1", "NCL", "ITGA4", "ITGA6", "ITGB1"),MK,normal
list(interaction_name = c("MDK_SDC1", "MDK_SDC2", "MDK_SDC4", "MDK_PTPRZ1", "MDK_ITGA4_ITGB1", "MDK_ITGA6_ITGB1", "MDK_LRP1", "MDK_NCL")),c("MDK", "SDC1", "SDC2", "SDC4", "PTPRZ1", "LRP1", "NCL", "ITGA4", "ITGA6", "ITGB1"),MK,early
list(interaction_name = c("MDK_SDC1", "MDK_SDC2", "MDK_SDC4", "MDK_PTPRZ1", "MDK_ITGA4_ITGB1", "MDK_ITGA6_ITGB1", "MDK_LRP1", "MDK_NCL")),c("MDK", "SDC1", "SDC2", "SDC4", "PTPRZ1", "LRP1", "NCL", "ITGA4", "ITGA6", "ITGB1"),MK,middle
list(interaction_name = "ANXA1_FPR1"),c("ANXA1", "FPR1"),ANNEXIN,normal
list(interaction_name = "ANXA1_FPR1"),c("ANXA1", "FPR1"),ANNEXIN,early
list(interaction_name = "ANXA1_FPR1"),c("ANXA1", "FPR1"),ANNEXIN,middle
list(interaction_name = c("VEGFA_VEGFR1", "VEGFA_VEGFR2", "VEGFB_VEGFR1", "VEGFA_VEGFR1R2")),c("VEGFA", "VEGFB", "FLT1", "KDR"),VEGF,normal
list(interaction_name = c("VEGFA_VEGFR1", "VEGFA_VEGFR2", "VEGFB_VEGFR1", "VEGFC_VEGFR2", "VEGFA_VEGFR1R2")),c("VEGFA", "VEGFB", "VEGFC", "FLT1", "KDR"),VEGF,early
list(interaction_name = c("VEGFA_VEGFR1", "VEGFA_VEGFR2", "VEGFB_VEGFR1", "PGF_VEGFR1", "VEGFA_VEGFR1R2")),c("VEGFA", "VEGFB", "PGF", "FLT1", "KDR"),VEGF,middle
list(interaction_name = "SCGB3A2_MARCO"),c("SCGB3A2", "MARCO"),UGRP1,normal
list(interaction_name = "SCGB3A2_MARCO"),c("SCGB3A2", "MARCO"),UGRP1,middle
list(interaction_name = "CD46_JAG1"),c("CD46", "JAG1"),CD46,normal
list(interaction_name = "CD46_JAG1"),c("CD46", "JAG1"),CD46,early
list(interaction_name = "CD46_JAG1"),c("CD46", "JAG1"),CD46,middle
list(interaction_name = c("ANGPTL1_ITGA1_ITGB1", "ANGPTL1_PIRB", "ANGPTL4_ITGA5_ITGB1", "ANGPTL4_CDH5", "ANGPTL4_CDH11", "ANGPTL4_SDC1", "ANGPTL4_SDC2", "ANGPTL4_SDC4")),c("ANGPTL1", "ANGPTL4", "LILRB3", "CDH5", "CDH11", "SDC1", "SDC2", "SDC4", "ITGA1", "ITGA5", "ITGB1"),ANGPTL,normal
list(interaction_name = c("ANGPTL2_ITGA5_ITGB1", "ANGPTL2_TLR4", "ANGPTL2_PIRB")),c("ANGPTL2", "TLR4", "LILRB3", "ITGA5", "ITGB1"),ANGPTL,early
list(interaction_name = c("ANGPTL2_ITGA5_ITGB1", "ANGPTL2_TLR4", "ANGPTL2_PIRB", "ANGPTL4_ITGA5_ITGB1", "ANGPTL4_CDH5", "ANGPTL4_CDH11", "ANGPTL4_SDC1", "ANGPTL4_SDC2", "ANGPTL4_SDC3", "ANGPTL4_SDC4")),c("ANGPTL2", "ANGPTL4", "TLR4", "LILRB3", "CDH5", "CDH11", "SDC1", "SDC2", "SDC3", "SDC4", "ITGA5", "ITGB1"),ANGPTL,middle
list(interaction_name = "CDH5_CDH5"),c("CDH5", "CDH5"),CDH5,normal
list(interaction_name = "CDH5_CDH5"),c("CDH5", "CDH5"),CDH5,early
list(interaction_name = "CDH5_CDH5"),c("CDH5", "CDH5"),CDH5,middle
list(interaction_name = "GRN_SORT1"),c("GRN", "SORT1"),GRN,normal
list(interaction_name = "GRN_SORT1"),c("GRN", "SORT1"),GRN,early
list(interaction_name = "GRN_SORT1"),c("GRN", "SORT1"),GRN,middle
list(interaction_name = c("SEMA4A_NRP1_PLXNA2", "SEMA4A_PLXNB1", "SEMA4A_PLXNB2", "SEMA4D_PLXNB1", "SEMA4D_PLXNB2")),c("SEMA4A", "SEMA4D", "PLXNB1", "PLXNB2", "NRP1", "PLXNA2"),SEMA4,normal
list(interaction_name = c("SEMA4A_NRP1_PLXNA1", "SEMA4A_NRP1_PLXNA2", "SEMA4A_PLXNB1", "SEMA4A_PLXNB2", "SEMA4D_PLXNB1", "SEMA4D_PLXNB2", "SEMA4D_CD72")),c("SEMA4A", "SEMA4D", "PLXNB1", "PLXNB2", "CD72", "NRP1", "PLXNA1", "PLXNA2"),SEMA4,early
list(interaction_name = c("SEMA4A_NRP1_PLXNA2", "SEMA4A_PLXNB1", "SEMA4A_PLXNB2", "SEMA4D_PLXNB1", "SEMA4D_PLXNB2", "SEMA4C_PLXNB2")),c("SEMA4A", "SEMA4D", "SEMA4C", "PLXNB1", "PLXNB2", "NRP1", "PLXNA2"),SEMA4,middle
list(interaction_name = c("THY1_ITGAM_ITGB2", "THY1_ITGAX_ITGB2")),c("THY1", "ITGAM", "ITGAX", "ITGB2"),THY1,normal
list(interaction_name = c("THY1_ITGAM_ITGB2", "THY1_ITGAX_ITGB2")),c("THY1", "ITGAM", "ITGAX", "ITGB2"),THY1,early
list(interaction_name = c("THY1_ITGAM_ITGB2", "THY1_ITGAX_ITGB2")),c("THY1", "ITGAM", "ITGAX", "ITGB2"),THY1,middle
list(interaction_name = "GDF15_TGFBR2"),c("GDF15", "TGFBR2"),GDF,normal
list(interaction_name = "GDF15_TGFBR2"),c("GDF15", "TGFBR2"),GDF,early
list(interaction_name = "GDF15_TGFBR2"),c("GDF15", "TGFBR2"),GDF,middle
list(interaction_name = c("GZMA_F2R", "GZMA_PARD3")),c("GZMA", "F2R", "PARD3"),PARs,normal
list(interaction_name = c("CTSG_F2R", "GZMA_F2R", "CTSG_PARD3", "GZMA_PARD3")),c("CTSG", "GZMA", "F2R", "PARD3"),PARs,early
list(interaction_name = c("GZMA_F2R", "GZMA_PARD3")),c("GZMA", "F2R", "PARD3"),PARs,middle
list(interaction_name = "CDH1_CDH1"),c("CDH1", "CDH1"),CDH,normal
list(interaction_name = "CDH1_CDH1"),c("CDH1", "CDH1"),CDH,early
list(interaction_name = c("CDH2_CDH2", "CDH1_CDH1")),c("CDH2", "CDH1", "CDH2", "CDH1"),CDH,middle
list(interaction_name = "ESAM_ESAM"),c("ESAM", "ESAM"),ESAM,normal
list(interaction_name = "ESAM_ESAM"),c("ESAM", "ESAM"),ESAM,early
list(interaction_name = "ESAM_ESAM"),c("ESAM", "ESAM"),ESAM,middle
list(interaction_name = "CADM1_CADM1"),c("CADM1", "CADM1"),CADM,normal
list(interaction_name = "CADM1_CADM1"),c("CADM1", "CADM1"),CADM,early
list(interaction_name = c("CADM1_CADM1", "CADM3_CADM3")),c("CADM1", "CADM3", "CADM1", "CADM3"),CADM,middle
list(interaction_name = "GAS6_AXL"),c("GAS6", "AXL"),GAS,normal
list(interaction_name = c("GAS6_AXL", "GAS6_MERTK")),c("GAS6", "AXL", "MERTK"),GAS,early
list(interaction_name = c("GAS6_AXL", "GAS6_MERTK")),c("GAS6", "AXL", "MERTK"),GAS,middle
list(interaction_name = c("DLL4_NOTCH1", "DLL4_NOTCH2", "DLL4_NOTCH3", "DLL4_NOTCH4", "JAG1_NOTCH1", "JAG1_NOTCH2", "JAG1_NOTCH3", "JAG1_NOTCH4")),c("DLL4", "JAG1", "NOTCH1", "NOTCH2", "NOTCH3", "NOTCH4"),NOTCH,normal
list(interaction_name = c("DLL4_NOTCH1", "DLL4_NOTCH2", "DLL4_NOTCH3", "DLL4_NOTCH4", "JAG1_NOTCH1", "JAG1_NOTCH2", "JAG1_NOTCH3", "JAG1_NOTCH4", "JAG2_NOTCH1", "JAG2_NOTCH2", "JAG2_NOTCH3", "JAG2_NOTCH4")),c("DLL4", "JAG1", "JAG2", "NOTCH1", "NOTCH2", "NOTCH3", "NOTCH4"),NOTCH,early
list(interaction_name = c("DLL1_NOTCH1", "DLL1_NOTCH3", "DLL1_NOTCH4", "DLL4_NOTCH1", "DLL4_NOTCH2", "DLL4_NOTCH3", "DLL4_NOTCH4", "JAG1_NOTCH1", "JAG1_NOTCH2", "JAG1_NOTCH3", "JAG1_NOTCH4", "JAG2_NOTCH1", "JAG2_NOTCH2", "JAG2_NOTCH3", "JAG2_NOTCH4", "DLL1_NOTCH2")),c("DLL1", "DLL4", "JAG1", "JAG2", "NOTCH1", "NOTCH3", "NOTCH4", "NOTCH2"),NOTCH,middle
list(interaction_name = c("FGF2_FGFR1", "FGF2_FGFR2", "FGF7_FGFR1", "FGF7_FGFR2")),c("FGF2", "FGF7", "FGFR1", "FGFR2"),FGF,normal
list(interaction_name = c("FGF1_FGFR1", "FGF1_FGFR2", "FGF1_FGFR3", "FGF2_FGFR1", "FGF2_FGFR2", "FGF2_FGFR3")),c("FGF1", "FGF2", "FGFR1", "FGFR2", "FGFR3"),FGF,middle
list(interaction_name = "OCLN_OCLN"),c("OCLN", "OCLN"),OCLN,normal
list(interaction_name = "OCLN_OCLN"),c("OCLN", "OCLN"),OCLN,early
list(interaction_name = "OCLN_OCLN"),c("OCLN", "OCLN"),OCLN,middle
list(interaction_name = c("SEMA3B_NRP1_PLXNA2", "SEMA3C_NRP1_PLXNA2", "SEMA3D_NRP1_PLXNA2", "SEMA3B_NRP2_PLXNA2", "SEMA3C_NRP2_PLXNA2", "SEMA3D_NRP2_PLXNA2", "SEMA3F_NRP2_PLXNA2", "SEMA3C_NRP1_NRP2", "SEMA3C_PLXND1")),c("SEMA3B", "SEMA3C", "SEMA3D", "SEMA3F", "PLXND1", "NRP1", "NRP2", "PLXNA2"),SEMA3,normal
list(interaction_name = c("SEMA3C_NRP1_PLXNA1", "SEMA3C_NRP1_PLXNA2", "SEMA3C_NRP2_PLXNA1", "SEMA3C_NRP2_PLXNA2", "SEMA3F_NRP2_PLXNA1", "SEMA3F_NRP2_PLXNA2", "SEMA3C_NRP1_NRP2", "SEMA3C_PLXND1")),c("SEMA3C", "SEMA3F", "PLXND1", "NRP1", "NRP2", "PLXNA1", "PLXNA2"),SEMA3,early
list(interaction_name = c("SEMA3C_NRP1_PLXNA2", "SEMA3C_NRP2_PLXNA1", "SEMA3C_NRP2_PLXNA2", "SEMA3C_NRP2_PLXNA3", "SEMA3F_NRP2_PLXNA1", "SEMA3F_NRP2_PLXNA2", "SEMA3F_NRP2_PLXNA3", "SEMA3C_NRP1_NRP2", "SEMA3C_PLXND1")),c("SEMA3C", "SEMA3F", "PLXND1", "NRP1", "NRP2", "PLXNA2", "PLXNA1", "PLXNA3"),SEMA3,middle
list(interaction_name = "ALCAM_CD6"),c("ALCAM", "CD6"),ALCAM,normal
list(interaction_name = "CD6_ALCAM"),c("CD6", "ALCAM"),CD6,normal
list(interaction_name = "CDH1_ITGA1_ITGB1"),c("CDH1", "ITGA2", "ITGB1"),CDH1,normal
list(interaction_name = "CDH1_ITGA1_ITGB1"),c("CDH1", "ITGA2", "ITGB1"),CDH1,early
list(interaction_name = c("CDH1_ITGA1_ITGB1", "CDH1_KLRG1")),c("CDH1", "KLRG1", "ITGA2", "ITGB1"),CDH1,middle
list(interaction_name = c("EFNA1_EPHA2", "EFNA1_EPHA3", "EFNA5_EPHA2", "EFNA5_EPHA3")),c("EFNA1", "EFNA5", "EPHA2", "EPHA3"),EPHA,normal
list(interaction_name = "EFNA1_EPHA2"),c("EFNA1", "EPHA2"),EPHA,early
list(interaction_name = c("EFNA1_EPHA2", "EFNA1_EPHA4")),c("EFNA1", "EPHA2", "EPHA4"),EPHA,middle
list(interaction_name = "ADM_CALCRL"),c("ADM", "CALCRL"),CALCR,normal
list(interaction_name = "ADM_CALCRL"),c("ADM", "CALCRL"),CALCR,early
list(interaction_name = "ADM_CALCRL"),c("ADM", "CALCRL"),CALCR,middle
list(interaction_name = "PTPRM_PTPRM"),c("PTPRM", "PTPRM"),PTPRM,normal
list(interaction_name = "PTPRM_PTPRM"),c("PTPRM", "PTPRM"),PTPRM,early
list(interaction_name = "PTPRM_PTPRM"),c("PTPRM", "PTPRM"),PTPRM,middle
list(interaction_name = "SIGLEC1_SPN"),c("SIGLEC1", "SPN"),SN,normal
list(interaction_name = "SIGLEC1_SPN"),c("SIGLEC1", "SPN"),SN,early
list(interaction_name = "PROS1_AXL"),c("PROS1", "AXL"),PROS,normal
list(interaction_name = "PROS1_AXL"),c("PROS1", "AXL"),PROS,early
list(interaction_name = "PROS1_AXL"),c("PROS1", "AXL"),PROS,middle
list(interaction_name = "TNFSF12_TNFRSF12A"),c("TNFSF12", "TNFRSF12A"),TWEAK,normal
list(interaction_name = "TNFSF12_TNFRSF12A"),c("TNFSF12", "TNFRSF12A"),TWEAK,early
list(interaction_name = "TNFSF12_TNFRSF12A"),c("TNFSF12", "TNFRSF12A"),TWEAK,middle
list(interaction_name = c("TGFB1_TGFBR1_TGFBR2", "TGFB3_TGFBR1_TGFBR2")),c("TGFB1", "TGFB3", "TGFBR1", "TGFBR2"),TGFb,normal
list(interaction_name = c("TGFB1_TGFBR1_TGFBR2", "TGFB3_TGFBR1_TGFBR2", "TGFB1_ACVR1_TGFBR1", "TGFB3_ACVR1_TGFBR1")),c("TGFB1", "TGFB3", "TGFBR1", "ACVR1", "TGFBR2"),TGFb,early
list(interaction_name = c("TGFB1_TGFBR1_TGFBR2", "TGFB3_TGFBR1_TGFBR2", "TGFB1_ACVR1B_TGFBR2", "TGFB3_ACVR1B_TGFBR2", "TGFB1_ACVR1_TGFBR1", "TGFB3_ACVR1_TGFBR1")),c("TGFB1", "TGFB3", "TGFBR1", "ACVR1B", "ACVR1", "TGFBR2"),TGFb,middle
list(interaction_name = c("PDGFA_PDGFRA", "PDGFA_PDGFRB", "PDGFB_PDGFRA", "PDGFB_PDGFRB")),c("PDGFA", "PDGFB", "PDGFRA", "PDGFRB"),PDGF,normal
list(interaction_name = c("PDGFA_PDGFRA", "PDGFA_PDGFRB", "PDGFB_PDGFRA", "PDGFB_PDGFRB", "PDGFC_PDGFRA", "PDGFD_PDGFRB")),c("PDGFA", "PDGFB", "PDGFC", "PDGFD", "PDGFRA", "PDGFRB"),PDGF,early
list(interaction_name = c("PDGFA_PDGFRA", "PDGFA_PDGFRB", "PDGFB_PDGFRA", "PDGFB_PDGFRB", "PDGFC_PDGFRA")),c("PDGFA", "PDGFB", "PDGFC", "PDGFRA", "PDGFRB"),PDGF,middle
list(interaction_name = "CSF3_CSF3R"),c("CSF3", "CSF3R"),CSF3,normal
list(interaction_name = "IFNG_IFNGR1_IFNGR2"),c("IFNG", "IFNGR1", "IFNGR2"),IFN-II,normal
list(interaction_name = "IFNG_IFNGR1_IFNGR2"),c("IFNG", "IFNGR1", "IFNGR2"),IFN-II,early
list(interaction_name = "IFNG_IFNGR1_IFNGR2"),c("IFNG", "IFNGR1", "IFNGR2"),IFN-II,middle
list(interaction_name = c("EFNB1_EPHB4", "EFNB2_EPHB4")),c("EFNB1", "EFNB2", "EPHB4"),EPHB,normal
list(interaction_name = c("EFNB1_EPHB4", "EFNB2_EPHB4")),c("EFNB1", "EFNB2", "EPHB4"),EPHB,early
list(interaction_name = c("EFNB1_EPHA4", "EFNB1_EPHB4", "EFNB2_EPHA4", "EFNB2_EPHB4")),c("EFNB1", "EFNB2", "EPHA4", "EPHB4"),EPHB,middle
list(interaction_name = "MPZL1_MPZL1"),c("MPZL1", "MPZL1"),MPZ,normal
list(interaction_name = "MPZL1_MPZL1"),c("MPZL1", "MPZL1"),MPZ,early
list(interaction_name = "MPZL1_MPZL1"),c("MPZL1", "MPZL1"),MPZ,middle
list(interaction_name = "CD34_SELP"),c("CD34", "SELP"),CD34,normal
list(interaction_name = "CD34_SELP"),c("CD34", "SELP"),CD34,early
list(interaction_name = "CD34_SELP"),c("CD34", "SELP"),CD34,middle
list(interaction_name = "SELPLG_SELP"),c("SELPLG", "SELP"),SELPLG,normal
list(interaction_name = c("SELPLG_SELE", "SELPLG_SELL", "SELPLG_SELP")),c("SELPLG", "SELE", "SELL", "SELP"),SELPLG,middle
list(interaction_name = "KITL_KIT"),c("KITLG", "KIT"),KIT,normal
list(interaction_name = "KITL_KIT"),c("KITLG", "KIT"),KIT,early
list(interaction_name = "KITL_KIT"),c("KITLG", "KIT"),KIT,middle
list(interaction_name = c("TNFSF14_LTBR", "TNFSF14_TNFRSF14")),c("TNFSF14", "LTBR", "TNFRSF14"),LIGHT,normal
list(interaction_name = "IL7_IL7R_IL2RG"),c("IL7", "IL7R", "IL2RG"),IL2,normal
list(interaction_name = "NECTIN2_TIGIT"),c("NECTIN2", "TIGIT"),NECTIN,normal
list(interaction_name = c("NECTIN1_CD96", "NECTIN1_NECTIN4", "NECTIN2_TIGIT")),c("NECTIN1", "NECTIN2", "CD96", "NECTIN4", "TIGIT"),NECTIN,early
list(interaction_name = c("NECTIN1_CADM3", "NECTIN1_CD96", "NECTIN1_NECTIN4", "NECTIN2_TIGIT")),c("NECTIN1", "NECTIN2", "CADM3", "CD96", "NECTIN4", "TIGIT"),NECTIN,middle
list(interaction_name = "TIGIT_NECTIN2"),c("TIGIT", "NECTIN2"),TIGIT,normal
list(interaction_name = "TIGIT_NECTIN2"),c("TIGIT", "NECTIN2"),TIGIT,early
list(interaction_name = "TIGIT_NECTIN2"),c("TIGIT", "NECTIN2"),TIGIT,middle
list(interaction_name = "SEMA6A_PLXNA2"),c("SEMA6A", "PLXNA2"),SEMA6,normal
list(interaction_name = c("SEMA6D_PLXNA1", "SEMA6A_PLXNA2")),c("SEMA6D", "SEMA6A", "PLXNA1", "PLXNA2"),SEMA6,early
list(interaction_name = c("SEMA6A_PLXNA2", "SEMA6B_PLXNA2")),c("SEMA6A", "SEMA6B", "PLXNA2"),SEMA6,middle
list(interaction_name = "HSPG2_DAG1"),c("HSPG2", "DAG1"),HSPG,normal
list(interaction_name = "HSPG2_DAG1"),c("HSPG2", "DAG1"),HSPG,early
list(interaction_name = "HSPG2_DAG1"),c("HSPG2", "DAG1"),HSPG,middle
list(interaction_name = "HGF_MET"),c("HGF", "MET"),HGF,normal
list(interaction_name = "HGF_MET"),c("HGF", "MET"),HGF,early
list(interaction_name = "BAG6_NCR3-PS"),c("BAG6", "NCR3"),BAG,normal
list(interaction_name = "ANGPT1_TEK"),c("ANGPT1", "TEK"),ANGPT,normal
list(interaction_name = c("ANGPT2_TEK", "ANGPT2_ITGA5_ITGB1")),c("ANGPT2", "TEK", "ITGA5", "ITGB1"),ANGPT,early
list(interaction_name = c("ANGPT2_TEK", "ANGPT2_ITGA5_ITGB1")),c("ANGPT2", "TEK", "ITGA5", "ITGB1"),ANGPT,middle
list(interaction_name = "POSTN_ITGAV_ITGB5"),c("POSTN", "ITGAV", "ITGB5"),PERIOSTIN,normal
list(interaction_name = "POSTN_ITGAV_ITGB5"),c("POSTN", "ITGAV", "ITGB5"),PERIOSTIN,early
list(interaction_name = "POSTN_ITGAV_ITGB5"),c("POSTN", "ITGAV", "ITGB5"),PERIOSTIN,middle
list(interaction_name = "EDN1_EDNRB"),c("EDN1", "EDNRB"),EDN,normal
list(interaction_name = c("EDN1_EDNRA", "EDN1_EDNRB")),c("EDN1", "EDNRA", "EDNRB"),EDN,early
list(interaction_name = c("EDN1_EDNRA", "EDN1_EDNRB")),c("EDN1", "EDNRA", "EDNRB"),EDN,middle
list(interaction_name = c("IGF1_IGF1R", "IGF1_ITGA6_ITGB4")),c("IGF1", "IGF1R", "ITGA6", "ITGB4"),IGF,normal
list(interaction_name = c("IGF2_IGF1R", "IGF2_IGF2R", "IGF2_ITGA6_ITGB4")),c("IGF2", "IGF1R", "IGF2R", "ITGA6", "ITGB4"),IGF,early
list(interaction_name = "NEGR1_NEGR1"),c("NEGR1", "NEGR1"),NEGR,normal
list(interaction_name = "NEGR1_NEGR1"),c("NEGR1", "NEGR1"),NEGR,early
list(interaction_name = "CX3CL1_CX3CR1"),c("CX3CL1", "CX3CR1"),CX3C,normal
list(interaction_name = "BMP2_BMPR1B_BMPR2"),c("BMP2", "BMPR1B", "BMPR2"),BMP,normal
list(interaction_name = "BMP7_ACVR1_BMPR2"),c("BMP7", "ACVR1", "BMPR2"),BMP,early
list(interaction_name = c("BMP7_ACVR1_BMPR2", "BMP7_BMPR1A_BMPR2")),c("BMP7", "ACVR1", "BMPR1A", "BMPR2"),BMP,middle
list(interaction_name = "AGRN_DAG1"),c("AGRN", "DAG1"),AGRN,normal
list(interaction_name = "AGRN_DAG1"),c("AGRN", "DAG1"),AGRN,early
list(interaction_name = "AGRN_DAG1"),c("AGRN", "DAG1"),AGRN,middle
list(interaction_name = "CSF1_CSF1R"),c("CSF1", "CSF1R"),CSF,normal
list(interaction_name = "CSF1_CSF1R"),c("CSF1", "CSF1R"),CSF,early
list(interaction_name = "CSF1_CSF1R"),c("CSF1", "CSF1R"),CSF,middle
list(interaction_name = c("SPP1_CD44", "SPP1_ITGAV_ITGB1", "SPP1_ITGAV_ITGB5", "SPP1_ITGAV_ITGB6", "SPP1_ITGA4_ITGB1", "SPP1_ITGA5_ITGB1")),c("SPP1", "CD44", "ITGAV", "ITGA4", "ITGA5", "ITGB1", "ITGB5", "ITGB6"),SPP1,early
list(interaction_name = c("SPP1_CD44", "SPP1_ITGAV_ITGB1", "SPP1_ITGAV_ITGB5", "SPP1_ITGAV_ITGB6", "SPP1_ITGA4_ITGB1", "SPP1_ITGA5_ITGB1")),c("SPP1", "CD44", "ITGAV", "ITGA4", "ITGA5", "ITGB1", "ITGB5", "ITGB6"),SPP1,middle
list(interaction_name = c("PTN_PTPRZ1", "PTN_SDC1", "PTN_SDC2", "PTN_SDC3", "PTN_SDC4", "PTN_NCL")),c("PTN", "PTPRZ1", "SDC1", "SDC2", "SDC3", "SDC4", "NCL"),PTN,early
list(interaction_name = c("PTN_PTPRZ1", "PTN_SDC1", "PTN_SDC2", "PTN_SDC3", "PTN_SDC4", "PTN_NCL")),c("PTN", "PTPRZ1", "SDC1", "SDC2", "SDC3", "SDC4", "NCL"),PTN,middle
list(interaction_name = c("WNT5A_FZD1", "WNT5A_FZD2", "WNT5A_FZD3", "WNT5A_FZD4", "WNT5A_FZD5", "WNT5A_FZD6", "WNT5A_FZD7", "WNT5A_MCAM")),c("WNT5A", "FZD1", "FZD2", "FZD3", "FZD4", "FZD5", "FZD6", "FZD7", "MCAM"),ncWNT,early
list(interaction_name = c("WNT5A_FZD1", "WNT5A_FZD3", "WNT5A_FZD4", "WNT5A_FZD5", "WNT5A_FZD6", "WNT5A_FZD7", "WNT5A_MCAM")),c("WNT5A", "FZD1", "FZD3", "FZD4", "FZD5", "FZD6", "FZD7", "MCAM"),ncWNT,middle
list(interaction_name = "ITGA4_ITGB1_VCAM1"),c("ITGA4", "ITGB1", "VCAM1"),VCAM,early
list(interaction_name = "ITGA4_ITGB1_VCAM1"),c("ITGA4", "ITGB1", "VCAM1"),VCAM,middle
list(interaction_name = c("DSC2_DSG2", "DSG2_DSC3")),c("DSC2", "DSG2", "DSG2", "DSC3"),DESMOSOME,early
list(interaction_name = c("DSC2_DSG2", "DSG2_DSC3")),c("DSC2", "DSG2", "DSG2", "DSC3"),DESMOSOME,middle
list(interaction_name = "LIF_LIFR_IL6ST"),c("LIF", "LIFR", "IL6ST"),LIFR,early
list(interaction_name = "LIF_LIFR_IL6ST"),c("LIF", "LIFR", "IL6ST"),LIFR,middle
list(interaction_name = c("OSM_LIFR_IL6ST", "OSM_OSMR_IL6ST")),c("OSM", "LIFR", "OSMR", "IL6ST"),OSM,early
list(interaction_name = "RARRES2_CMKLR1"),c("RARRES2", "CMKLR1"),CHEMERIN,early
list(interaction_name = "RARRES2_CMKLR1"),c("RARRES2", "CMKLR1"),CHEMERIN,middle
list(interaction_name = "TNFSF13B_TNFRSF17"),c("TNFSF13B", "TNFRSF17"),BAFF,early
list(interaction_name = c("TNFSF13B_TNFRSF17", "TNFSF13B_TNFRSF13C")),c("TNFSF13B", "TNFRSF17", "TNFRSF13C"),BAFF,middle
list(interaction_name = "CD86_CTLA4"),c("CD86", "CTLA4"),CD86,early
list(interaction_name = "CD86_CTLA4"),c("CD86", "CTLA4"),CD86,middle
list(interaction_name = "CD96_NECTIN1"),c("CD96", "NECTIN1"),CD96,early
list(interaction_name = "CD96_NECTIN1"),c("CD96", "NECTIN1"),CD96,middle
list(interaction_name = c("WNT2_FZD5_LRP6", "WNT2_FZD6_LRP6", "WNT2_FZD7_LRP6", "WNT2B_FZD5_LRP6", "WNT2B_FZD6_LRP6", "WNT2B_FZD7_LRP6", "WNT7B_FZD5_LRP6", "WNT7B_FZD6_LRP6", "WNT7B_FZD7_LRP6")),c("WNT2", "WNT2B", "WNT7B", "FZD5", "FZD6", "FZD7", "LRP6"),WNT,early
list(interaction_name = c("WNT2_FZD5_LRP5", "WNT2_FZD6_LRP5", "WNT2B_FZD5_LRP5", "WNT2B_FZD6_LRP5", "WNT7B_FZD5_LRP5", "WNT7B_FZD6_LRP5", "WNT2_FZD3_LRP6", "WNT2_FZD4_LRP6", "WNT2_FZD5_LRP6", "WNT2_FZD6_LRP6", "WNT2_FZD7_LRP6", "WNT2B_FZD3_LRP6", "WNT2B_FZD4_LRP6", "WNT2B_FZD5_LRP6", "WNT2B_FZD6_LRP6", "WNT2B_FZD7_LRP6", "WNT7B_FZD3_LRP6", "WNT7B_FZD4_LRP6", "WNT7B_FZD5_LRP6", "WNT7B_FZD6_LRP6", "WNT7B_FZD7_LRP6")),c("WNT2", "WNT2B", "WNT7B", "FZD5", "FZD6", "FZD3", "FZD4", "FZD7", "LRP5", "LRP6"),WNT,middle
list(interaction_name = "SEMA5A_PLXNA1"),c("SEMA5A", "PLXNA1"),SEMA5,early
list(interaction_name = c("SEMA5A_PLXNA1", "SEMA5A_PLXNA3")),c("SEMA5A", "PLXNA1", "PLXNA3"),SEMA5,middle
list(interaction_name = c("SELE_CD44", "SELE_GLG1")),c("SELE", "CD44", "GLG1"),SELE,middle
list(interaction_name = "CD22_PTPRC"),c("CD22", "PTPRC"),CD22,middle
list(interaction_name = c("SELL_CD34", "SELL_PODXL")),c("SELL", "CD34", "PODXL"),SELL,middle
list(interaction_name = c("NCAM1_FGFR1", "NCAM1_NCAM1", "NCAM1_NCAM2")),c("NCAM1", "FGFR1", "NCAM1", "NCAM2"),NCAM,middle
